"coef","effect"
0.0865857488927896,"QB"
0.0823834004897003,"QB"
0.0966506497408782,"QB"
0.11136623381826,"QB"
0.107314332275246,"QB"
0.081283775730425,"QB"
0.0880086745488657,"QB"
0.110454330268276,"QB"
0.099765491659004,"QB"
0.105570007587647,"QB"
0.115258788731366,"QB"
0.08788446487052,"QB"
0.099919251073063,"QB"
0.0994812176778346,"QB"
0.0903724740002533,"QB"
0.102615327863417,"QB"
0.0852027707617944,"QB"
0.0857998616689104,"QB"
0.0851049817209397,"QB"
0.0867611894898143,"QB"
0.117125891030371,"QB"
0.0916942869338582,"QB"
0.127334145270633,"QB"
0.0950525407607865,"QB"
0.109027044950935,"QB"
0.110689439260707,"QB"
0.103319491310652,"QB"
0.114080731085428,"QB"
0.0889483227067527,"QB"
0.110396293076908,"QB"
0.097764015784936,"QB"
0.0926340735698324,"QB"
0.0972006432732398,"QB"
0.0878054244014118,"QB"
0.109693220895655,"QB"
0.0981880685767843,"QB"
0.12610963974409,"QB"
0.115135048313839,"QB"
0.0926473608416545,"QB"
0.109976247946572,"QB"
0.103706736786895,"QB"
0.102435614880374,"QB"
0.100926880349384,"QB"
0.0977660520706304,"QB"
0.103349057056641,"QB"
0.093784631270705,"QB"
0.11248115264555,"QB"
0.0987188090139939,"QB"
0.104561927947326,"QB"
0.0909720918611682,"QB"
0.118141341207235,"QB"
0.0844366246883339,"QB"
0.0921948013292578,"QB"
0.0889642174650344,"QB"
0.0886528950734989,"QB"
0.0913467897025253,"QB"
0.104691183932363,"QB"
0.110069846162874,"QB"
0.101260142062667,"QB"
0.0923970493829228,"QB"
0.106477290304923,"QB"
0.104624203402136,"QB"
0.0887987607264569,"QB"
0.114299901637682,"QB"
0.0806172461370533,"QB"
0.0929208158569436,"QB"
0.101971285049885,"QB"
0.0850996592757757,"QB"
0.101709652765803,"QB"
0.0944565996035204,"QB"
0.102714319963263,"QB"
0.0820365110950265,"QB"
0.0930384462159969,"QB"
0.0929561044366783,"QB"
0.0976935062279627,"QB"
0.0991461878809631,"QB"
0.0926799776133239,"QB"
0.0891771320287457,"QB"
0.110746287674499,"QB"
0.100763994969533,"QB"
0.0965841797154473,"QB"
0.0983325680639621,"QB"
0.106806575856883,"QB"
0.100776371432224,"QB"
0.107816804311027,"QB"
0.116324397212512,"QB"
0.101093579400612,"QB"
0.0823992051967268,"QB"
0.0959652681782287,"QB"
0.0951923211873661,"QB"
0.110104063159062,"QB"
0.0993406067905354,"QB"
0.123344495455371,"QB"
0.0960465855869477,"QB"
0.125742236970484,"QB"
0.0917532613041672,"QB"
0.0808136472136511,"QB"
0.0937034334675415,"QB"
0.0886630315442668,"QB"
0.107230263501825,"QB"
0.114396060288935,"QB"
0.0799597640836755,"QB"
0.0828641676248175,"QB"
0.100026086514089,"QB"
0.103427059654974,"QB"
0.0969318082432318,"QB"
0.102745782365911,"QB"
0.111771479628784,"QB"
0.111784975438639,"QB"
0.0939816593389444,"QB"
0.102716011308137,"QB"
0.0920137982787989,"QB"
0.119193071918905,"QB"
0.108745835342191,"QB"
0.102414015146394,"QB"
0.0925674151665789,"QB"
0.111375020454492,"QB"
0.0855931861011451,"QB"
0.0928107787322942,"QB"
0.101099128524633,"QB"
0.0961570724272004,"QB"
0.100754489011142,"QB"
0.0962206922872794,"QB"
0.108248706428269,"QB"
0.105601866995965,"QB"
0.0955470323486913,"QB"
0.0936097270245679,"QB"
0.107258663924835,"QB"
0.107175891744127,"QB"
0.101506037353774,"QB"
0.0887342078112876,"QB"
0.106547183281223,"QB"
0.0933530300759892,"QB"
0.093881360267917,"QB"
0.102300834717914,"QB"
0.0921696694492303,"QB"
0.0784407481225008,"QB"
0.0839709550380917,"QB"
0.0966252648191634,"QB"
0.106798943006846,"QB"
0.0827474511857706,"QB"
0.0843787569102016,"QB"
0.0956557029435363,"QB"
0.0930185742534761,"QB"
0.0852093502290742,"QB"
0.105134223811727,"QB"
0.0953514415678603,"QB"
0.0952741997360618,"QB"
0.114691775249408,"QB"
0.0890366568462739,"QB"
0.0968400885658053,"QB"
0.0741649405959519,"QB"
0.0866895306655025,"QB"
0.0999438078633062,"QB"
0.0885770280968217,"QB"
0.108415590304123,"QB"
0.0961300194652189,"QB"
0.103112155635785,"QB"
0.0744130502610696,"QB"
0.100245693066975,"QB"
0.0971696612363803,"QB"
0.111361266058473,"QB"
0.100284293079627,"QB"
0.0904842702772675,"QB"
0.0880046294713705,"QB"
0.102385955718637,"QB"
0.105254660724513,"QB"
0.110306157934974,"QB"
0.0949234945364626,"QB"
0.115711920669803,"QB"
0.118543417639471,"QB"
0.0966013667383006,"QB"
0.0881434829145269,"QB"
0.118589277391176,"QB"
0.0956264260146027,"QB"
0.0898913237930844,"QB"
0.125732085343774,"QB"
0.0957984544347442,"QB"
0.11046589570341,"QB"
0.10536219195066,"QB"
0.103141674331052,"QB"
0.108650412840167,"QB"
0.0978875896833513,"QB"
0.102310394681406,"QB"
0.112804948379417,"QB"
0.0892145379560001,"QB"
0.0994861212748054,"QB"
0.0937279080100635,"QB"
0.110471433483056,"QB"
0.0904148375925289,"QB"
0.0986183687804724,"QB"
0.106622270666032,"QB"
0.113288656969356,"QB"
0.0923992208458518,"QB"
0.0966168456637778,"QB"
0.098629602177622,"QB"
0.0909980230547627,"QB"
0.0960765236598513,"QB"
0.0993181386564269,"QB"
0.105045361719444,"QB"
0.102097727017516,"QB"
0.105787084792406,"QB"
0.0950846172897674,"QB"
0.103372853585517,"QB"
0.106402387791037,"QB"
0.0962169666619496,"QB"
0.107109358289967,"QB"
0.0812404569007269,"QB"
0.0875519597025043,"QB"
0.0965457477978775,"QB"
0.109511532980393,"QB"
0.0932933457141912,"QB"
0.0937084989643864,"QB"
0.0839994602221874,"QB"
0.095508173198054,"QB"
0.101031011927217,"QB"
0.118041288568888,"QB"
0.0944128901928754,"QB"
0.09173936588987,"QB"
0.0777154590182425,"QB"
0.113600584718048,"QB"
0.106982630212031,"QB"
0.0909837521325698,"QB"
0.102294335397282,"QB"
0.0993002925899523,"QB"
0.0948760858727169,"QB"
0.09941249392893,"QB"
0.114767860653799,"QB"
0.0889147391490785,"QB"
0.0914963080401314,"QB"
0.092274133841774,"QB"
0.115162226413324,"QB"
0.111078205958291,"QB"
0.10204701685394,"QB"
0.112480952971091,"QB"
0.100842809306424,"QB"
0.100414853959105,"QB"
0.0904600497858859,"QB"
0.0989448621581052,"QB"
0.134159143675995,"QB"
0.115889010712791,"QB"
0.100663915625425,"QB"
0.097072617878413,"QB"
0.103564353753125,"QB"
0.0912663717319804,"QB"
0.102882986399875,"QB"
0.0980557451109751,"QB"
0.112695324483619,"QB"
0.0966766276137947,"QB"
0.0912196667082099,"QB"
0.0882821057625218,"QB"
0.0924819325102547,"QB"
0.11323166439299,"QB"
0.110167420313992,"QB"
0.0915686276510593,"QB"
0.098594727997875,"QB"
0.0938433928526101,"QB"
0.087471906859412,"QB"
0.0907026813799157,"QB"
0.0950024594516187,"QB"
0.100819212962551,"QB"
0.0883465723037922,"QB"
0.122361862737671,"QB"
0.104611427342045,"QB"
0.0918149729003081,"QB"
0.106754411044556,"QB"
0.111797850820656,"QB"
0.105623888913782,"QB"
0.099475394253702,"QB"
0.156042798444931,"QB"
0.105088868417406,"QB"
0.101905427313347,"QB"
0.100252938234833,"QB"
0.0889110180963545,"QB"
0.1133022155333,"QB"
0.112824726465119,"QB"
0.115721473477503,"QB"
0.0999977622787755,"QB"
0.0896316160735054,"QB"
0.0976614268298058,"QB"
0.0971287976882275,"QB"
0.111726060350137,"QB"
0.100672088849107,"QB"
0.0984657344050753,"QB"
0.119585512140418,"QB"
0.0894894651087816,"QB"
0.0854495454800641,"QB"
0.0888207168598598,"QB"
0.0966138201700425,"QB"
0.107071796189663,"QB"
0.112366307981037,"QB"
0.0886210799607265,"QB"
0.0906332311880014,"QB"
0.09958521802401,"QB"
0.103570915743805,"QB"
0.0907092166892663,"QB"
0.0947851665542794,"QB"
0.0978913100644087,"QB"
0.108829619529025,"QB"
0.103271564617421,"QB"
0.10272315994975,"Team"
0.111947295697149,"Team"
0.108103844612113,"Team"
0.106168979567247,"Team"
0.114549672531995,"Team"
0.109156288586367,"Team"
0.105172476324999,"Team"
0.105907634739765,"Team"
0.111176984286991,"Team"
0.108235942424105,"Team"
0.105905508694038,"Team"
0.100359526080728,"Team"
0.102014941689694,"Team"
0.104346986445304,"Team"
0.105458324619178,"Team"
0.103059204498421,"Team"
0.102129810320293,"Team"
0.108402978789044,"Team"
0.102923130196373,"Team"
0.115410009939403,"Team"
0.106504358695918,"Team"
0.0992321376758165,"Team"
0.107544171626044,"Team"
0.106193700095929,"Team"
0.10334161565278,"Team"
0.100859048175682,"Team"
0.104518732886984,"Team"
0.107577516328131,"Team"
0.10202916487556,"Team"
0.0999868919602958,"Team"
0.1019300962579,"Team"
0.105554359492214,"Team"
0.103599676873502,"Team"
0.112812943361022,"Team"
0.0932572932360445,"Team"
0.0994371048752185,"Team"
0.0977975743633285,"Team"
0.103492237596463,"Team"
0.10989952933835,"Team"
0.101758153655147,"Team"
0.103580126297793,"Team"
0.113883284778404,"Team"
0.0978735293826476,"Team"
0.105297745606485,"Team"
0.105160600738137,"Team"
0.0917907153619547,"Team"
0.0976161631521905,"Team"
0.110144179418096,"Team"
0.111612464621894,"Team"
0.105644733533304,"Team"
0.108265492650404,"Team"
0.106249017844691,"Team"
0.102977005386403,"Team"
0.10210794387793,"Team"
0.105983455382927,"Team"
0.10307137665065,"Team"
0.103536014725446,"Team"
0.111026370491865,"Team"
0.105818614138302,"Team"
0.110196664758687,"Team"
0.0963639006817967,"Team"
0.0951667073961883,"Team"
0.0975506381033844,"Team"
0.107392825427059,"Team"
0.100751766142784,"Team"
0.105893541662718,"Team"
0.108104744824049,"Team"
0.0986428584457916,"Team"
0.102545705035576,"Team"
0.106281773444326,"Team"
0.105613299241735,"Team"
0.107843560003278,"Team"
0.101337067734177,"Team"
0.102910059767907,"Team"
0.109344097567496,"Team"
0.103788939671725,"Team"
0.102998808614742,"Team"
0.107469391719564,"Team"
0.109942825245493,"Team"
0.107480158344223,"Team"
0.0976634607096052,"Team"
0.101619648394288,"Team"
0.104641640221878,"Team"
0.124229807770098,"Team"
0.105176822810687,"Team"
0.104807486291444,"Team"
0.10503391612154,"Team"
0.114267830005892,"Team"
0.101188907860834,"Team"
0.105952844017159,"Team"
0.106028558791371,"Team"
0.0973083948741527,"Team"
0.116184875343684,"Team"
0.109637849982573,"Team"
0.10163832938319,"Team"
0.11129603771528,"Team"
0.100036731188778,"Team"
0.117410259630362,"Team"
0.105670659902482,"Team"
0.108239327353038,"Team"
0.0988789082280913,"Team"
0.0959983570335864,"Team"
0.109417268670075,"Team"
0.107151226282159,"Team"
0.106861367191707,"Team"
0.112136154708909,"Team"
0.100961125080534,"Team"
0.11308131696959,"Team"
0.0982817436094694,"Team"
0.0974582551098353,"Team"
0.111961743550432,"Team"
0.108308928100003,"Team"
0.106210895461296,"Team"
0.105500145862306,"Team"
0.110642801840187,"Team"
0.110664263986107,"Team"
0.106349483232135,"Team"
0.0996653974950662,"Team"
0.104465494792632,"Team"
0.109462477411071,"Team"
0.103388786157946,"Team"
0.101595686392943,"Team"
0.0984784680261916,"Team"
0.112165157271679,"Team"
0.107829587968192,"Team"
0.107748561156423,"Team"
0.103203541349308,"Team"
0.110509528297642,"Team"
0.109543577596597,"Team"
0.114129687113784,"Team"
0.107899896914047,"Team"
0.0974489978523351,"Team"
0.106909847372389,"Team"
0.105779155665428,"Team"
0.105256987482718,"Team"
0.108515878640113,"Team"
0.110864959187301,"Team"
0.108815267722997,"Team"
0.0986539464763481,"Team"
0.107152852378644,"Team"
0.106634029645137,"Team"
0.113163223992843,"Team"
0.102168014005924,"Team"
0.101599854088659,"Team"
0.0953128642791186,"Team"
0.103364197445274,"Team"
0.114908561153724,"Team"
0.11249362643804,"Team"
0.106936150053928,"Team"
0.106611183178452,"Team"
0.10497981854075,"Team"
0.103296308843628,"Team"
0.103355004720384,"Team"
0.10570038456772,"Team"
0.111527501211479,"Team"
0.0967567083894453,"Team"
0.1121733301777,"Team"
0.0998753140601163,"Team"
0.104450328083443,"Team"
0.101123616258636,"Team"
0.106764312946591,"Team"
0.112070059474593,"Team"
0.105389249626348,"Team"
0.113632159720403,"Team"
0.105606960127001,"Team"
0.102821724227517,"Team"
0.100770471874732,"Team"
0.10663989584815,"Team"
0.112303664647509,"Team"
0.101182587894114,"Team"
0.0954960891521049,"Team"
0.109630772108622,"Team"
0.103745101991906,"Team"
0.10472852833424,"Team"
0.106161088350114,"Team"
0.102622140852174,"Team"
0.107929139213798,"Team"
0.104499958526681,"Team"
0.0961392266541385,"Team"
0.107620712072176,"Team"
0.0942982148139018,"Team"
0.113758369856957,"Team"
0.111830078312325,"Team"
0.103617633352667,"Team"
0.108219866882161,"Team"
0.103951166140041,"Team"
0.10293961647056,"Team"
0.108882818135253,"Team"
0.106799006652226,"Team"
0.0988070523528279,"Team"
0.106726005958433,"Team"
0.0985206952619164,"Team"
0.10419084228709,"Team"
0.107658974258416,"Team"
0.107104836518019,"Team"
0.0989436696918205,"Team"
0.11450803925509,"Team"
0.108652058335648,"Team"
0.0987503683897458,"Team"
0.103807213831003,"Team"
0.113069873107748,"Team"
0.111083205376991,"Team"
0.105136202605452,"Team"
0.105586247475291,"Team"
0.0941340378031341,"Team"
0.102931538005685,"Team"
0.10703055959191,"Team"
0.10310276887211,"Team"
0.105710381257099,"Team"
0.0995517538178582,"Team"
0.107155542948166,"Team"
0.107719105429956,"Team"
0.100016627989738,"Team"
0.11266474037233,"Team"
0.0995757421548155,"Team"
0.104234048003735,"Team"
0.100769310872978,"Team"
0.102755693647507,"Team"
0.102548814266181,"Team"
0.104887475367979,"Team"
0.0985468852229735,"Team"
0.101356886703037,"Team"
0.0981792263534413,"Team"
0.105638038589491,"Team"
0.104188693153002,"Team"
0.107791265127356,"Team"
0.108834975553423,"Team"
0.102438270270827,"Team"
0.103026409035356,"Team"
0.11039404300158,"Team"
0.105169443358678,"Team"
0.105089957717323,"Team"
0.0992517157049135,"Team"
0.108105388240019,"Team"
0.106285187150925,"Team"
0.098919287564297,"Team"
0.108246056390875,"Team"
0.0994120298052069,"Team"
0.101356578836751,"Team"
0.105352079267249,"Team"
0.0900785009975258,"Team"
0.114854217116048,"Team"
0.10533406146101,"Team"
0.104930398098118,"Team"
0.100272665992431,"Team"
0.113284388619053,"Team"
0.105998637405106,"Team"
0.10257172158759,"Team"
0.103333555141785,"Team"
0.104902050740331,"Team"
0.106099623202508,"Team"
0.105089403887829,"Team"
0.0994898455932273,"Team"
0.101517120365157,"Team"
0.0987881526813165,"Team"
0.101523299098088,"Team"
0.104106014902022,"Team"
0.100384326070571,"Team"
0.100984134219584,"Team"
0.116965162897583,"Team"
0.0964030521614145,"Team"
0.105927800867128,"Team"
0.096360785414568,"Team"
0.108623599198424,"Team"
0.109625129343727,"Team"
0.104141936563527,"Team"
0.106650661330611,"Team"
0.107336378225826,"Team"
0.102119818289087,"Team"
0.114848644085945,"Team"
0.110877427315179,"Team"
0.103886972312521,"Team"
0.110148454316298,"Team"
0.109587657351626,"Team"
0.104170832677676,"Team"
0.107046964631497,"Team"
0.10872259716117,"Team"
0.103121200664681,"Team"
0.103017276530444,"Team"
0.106399844826184,"Team"
0.104563618229039,"Team"
0.0998058316506915,"Team"
0.109226728282615,"Team"
0.111815834331422,"Team"
0.100560142510842,"Team"
0.100784024991834,"Team"
0.106792238862198,"Team"
0.101700952285694,"Team"
0.0983743134311299,"Team"
0.102662205328355,"Team"
0.111832644874325,"Team"
0.106947517208732,"Team"
0.105268113282595,"Team"
0.110597265942107,"Team"
0.106361732703958,"Team"
0.108433124398905,"Team"
0.11454113699865,"Team"
0.106026669459309,"Team"
0.108573635598527,"Team"
0.108472066806652,"Team"
0.0749000678643921,"Coach"
0.0704732739350175,"Coach"
0.0599573435128953,"Coach"
0.0660721062030003,"Coach"
0.0664330491597275,"Coach"
0.067118595970236,"Coach"
0.0606442722828837,"Coach"
0.0778521176870018,"Coach"
0.0732046296616804,"Coach"
0.0605473010634166,"Coach"
0.0662996901979187,"Coach"
0.0680571137463347,"Coach"
0.0619004579167252,"Coach"
0.0605179876065796,"Coach"
0.0634425628915503,"Coach"
0.068457836245144,"Coach"
0.0676742347646824,"Coach"
0.0585117794322576,"Coach"
0.0673862262935784,"Coach"
0.0690120460915906,"Coach"
0.0637978712456393,"Coach"
0.0711842825863521,"Coach"
0.0679585375206169,"Coach"
0.0585498631580961,"Coach"
0.0594700626434039,"Coach"
0.0696117526000273,"Coach"
0.0669599536954636,"Coach"
0.0698110363830622,"Coach"
0.0587460308456449,"Coach"
0.0694143049866115,"Coach"
0.0630770925211256,"Coach"
0.0642258936828829,"Coach"
0.0735673386701195,"Coach"
0.0650464861040246,"Coach"
0.0692358465240963,"Coach"
0.0565090670328218,"Coach"
0.0724492033534083,"Coach"
0.0631221345507274,"Coach"
0.0609826732077206,"Coach"
0.0688408118236621,"Coach"
0.0691692106705637,"Coach"
0.0655517316117654,"Coach"
0.0751852322156574,"Coach"
0.0598925548455127,"Coach"
0.0664464080508526,"Coach"
0.0783310776320419,"Coach"
0.0502834681868536,"Coach"
0.0720683375648496,"Coach"
0.0777625018346352,"Coach"
0.0727237475765619,"Coach"
0.0698929194101446,"Coach"
0.0606110805259647,"Coach"
0.0569841184835456,"Coach"
0.0644855389194633,"Coach"
0.07962296647725,"Coach"
0.0588146785384994,"Coach"
0.0514747566320114,"Coach"
0.0686667373548749,"Coach"
0.0582412361498156,"Coach"
0.0618856654629689,"Coach"
0.0729421698414234,"Coach"
0.0674452233828646,"Coach"
0.0713925715122702,"Coach"
0.0608533803058215,"Coach"
0.0576733684239133,"Coach"
0.0700498301511514,"Coach"
0.0641524445961639,"Coach"
0.0625737910908412,"Coach"
0.0607408906229065,"Coach"
0.0764825008769144,"Coach"
0.0745973942042646,"Coach"
0.0661846757520155,"Coach"
0.0670232350784585,"Coach"
0.0776723282586606,"Coach"
0.0545414382914458,"Coach"
0.0666498330978301,"Coach"
0.0655463453234005,"Coach"
0.0674699759043268,"Coach"
0.0590241471075393,"Coach"
0.0666529173515196,"Coach"
0.0659750122094428,"Coach"
0.0708847717230719,"Coach"
0.0548328476761887,"Coach"
0.0654501709349162,"Coach"
0.0624418656267741,"Coach"
0.0620506414434842,"Coach"
0.0689172496792314,"Coach"
0.0600724841769098,"Coach"
0.067785872612392,"Coach"
0.0577276627733491,"Coach"
0.0546554409968731,"Coach"
0.0671940305829585,"Coach"
0.0579619759443722,"Coach"
0.0603569273909951,"Coach"
0.0586474902821238,"Coach"
0.0611972830861193,"Coach"
0.0685061143095416,"Coach"
0.0632007584848435,"Coach"
0.0664494303745774,"Coach"
0.0654479750351037,"Coach"
0.0718816868801432,"Coach"
0.0696878817807351,"Coach"
0.0572374824365476,"Coach"
0.0607438982880551,"Coach"
0.0566319446718101,"Coach"
0.0591342122665665,"Coach"
0.0631244780661242,"Coach"
0.0657041827304797,"Coach"
0.0713439650117091,"Coach"
0.0588273306211374,"Coach"
0.0686946958171189,"Coach"
0.061958536902798,"Coach"
0.0617085821315458,"Coach"
0.0535802429358738,"Coach"
0.0646604981359485,"Coach"
0.0626518899185438,"Coach"
0.0641360593262259,"Coach"
0.0620860346466588,"Coach"
0.0589571663586047,"Coach"
0.0634568226857548,"Coach"
0.0678210138007593,"Coach"
0.0674594002905194,"Coach"
0.0585227180837681,"Coach"
0.0783077409668515,"Coach"
0.0670244588619009,"Coach"
0.0650516942644615,"Coach"
0.0681044326880573,"Coach"
0.0680814784392108,"Coach"
0.0601666568704802,"Coach"
0.0619271999257403,"Coach"
0.0743263645871321,"Coach"
0.0663652154875943,"Coach"
0.0654391128066331,"Coach"
0.0618759095537595,"Coach"
0.0599864353734597,"Coach"
0.0681273499290115,"Coach"
0.063730817551274,"Coach"
0.079433248407911,"Coach"
0.0653434743517297,"Coach"
0.0653648294097843,"Coach"
0.0625384439201587,"Coach"
0.0641836201596518,"Coach"
0.062494084853309,"Coach"
0.0694183971464401,"Coach"
0.0636587924290593,"Coach"
0.0639881381789528,"Coach"
0.0575573011691729,"Coach"
0.0586101639633074,"Coach"
0.0774518790062276,"Coach"
0.0643255421436472,"Coach"
0.0611145659650203,"Coach"
0.0636875566449679,"Coach"
0.0597030836067936,"Coach"
0.0702237083280819,"Coach"
0.0642514873818564,"Coach"
0.0624284295696014,"Coach"
0.0657172123043365,"Coach"
0.0689859052997212,"Coach"
0.0611593771986689,"Coach"
0.0677808868246869,"Coach"
0.0692877895342256,"Coach"
0.0666547280115635,"Coach"
0.070452594373274,"Coach"
0.0622904119379013,"Coach"
0.0607059714411567,"Coach"
0.0614619298344909,"Coach"
0.0691978521496046,"Coach"
0.0785891073340355,"Coach"
0.0585572335077192,"Coach"
0.0696429470533379,"Coach"
0.0663728191087032,"Coach"
0.0525376155373799,"Coach"
0.0579896103766569,"Coach"
0.0505588072286377,"Coach"
0.0747225563686054,"Coach"
0.0621994647758407,"Coach"
0.0553578403940359,"Coach"
0.0662613661989486,"Coach"
0.0568248844820128,"Coach"
0.064335003728547,"Coach"
0.0667210862751679,"Coach"
0.073656006413704,"Coach"
0.0647716125621351,"Coach"
0.0671262342230615,"Coach"
0.0771658924006434,"Coach"
0.0652600848974229,"Coach"
0.0746093088421598,"Coach"
0.0487134108445953,"Coach"
0.0703843170473911,"Coach"
0.0580996068107161,"Coach"
0.0636715634891412,"Coach"
0.0598192417610202,"Coach"
0.0570955448600831,"Coach"
0.0618996684292934,"Coach"
0.0668255721237811,"Coach"
0.0734241200055237,"Coach"
0.0565701872300742,"Coach"
0.0689286473292019,"Coach"
0.0659418062971314,"Coach"
0.0645187742839728,"Coach"
0.0663406850173156,"Coach"
0.0599865879683438,"Coach"
0.0615338220858193,"Coach"
0.0658318536446718,"Coach"
0.0569267712315237,"Coach"
0.0711703511326763,"Coach"
0.0656310261781414,"Coach"
0.0532799114515884,"Coach"
0.0561080341358975,"Coach"
0.0620380132006514,"Coach"
0.0591386369072563,"Coach"
0.0623780307222393,"Coach"
0.0615993027184689,"Coach"
0.0626226222633308,"Coach"
0.0701079843316245,"Coach"
0.0677496266799174,"Coach"
0.0623740042502728,"Coach"
0.0670018530284637,"Coach"
0.0609500445505434,"Coach"
0.0610694806353679,"Coach"
0.0732951771715461,"Coach"
0.0696657592810825,"Coach"
0.0593946788767876,"Coach"
0.062491692248748,"Coach"
0.0564809784064336,"Coach"
0.0639519131677083,"Coach"
0.0647061704971811,"Coach"
0.0744792058579377,"Coach"
0.0556323738417424,"Coach"
0.0712961329978785,"Coach"
0.0618015270353947,"Coach"
0.0538545791726913,"Coach"
0.065453741821161,"Coach"
0.0590830418529671,"Coach"
0.06307783365338,"Coach"
0.0769645618104735,"Coach"
0.0680076538852897,"Coach"
0.0691753442635411,"Coach"
0.0623354203353307,"Coach"
0.0589719249035107,"Coach"
0.0556123190976522,"Coach"
0.0601552405913034,"Coach"
0.069414143783719,"Coach"
0.0693942904250081,"Coach"
0.0619305775946443,"Coach"
0.0696976278569243,"Coach"
0.0613280587825007,"Coach"
0.0654703272175596,"Coach"
0.0743289962901818,"Coach"
0.0703344835508326,"Coach"
0.0581187542089811,"Coach"
0.0700002718836688,"Coach"
0.0623807496304766,"Coach"
0.0750092616116897,"Coach"
0.0655565357070999,"Coach"
0.0612381983946383,"Coach"
0.0673803582598713,"Coach"
0.0609335100999782,"Coach"
0.0665533104334874,"Coach"
0.0531022617270924,"Coach"
0.0735680215096,"Coach"
0.0634903406415882,"Coach"
0.0610625942860904,"Coach"
0.066267575934667,"Coach"
0.0590611553345343,"Coach"
0.0633437256659627,"Coach"
0.0686990786025209,"Coach"
0.0615995148802977,"Coach"
0.0761852619915488,"Coach"
0.0664411843280995,"Coach"
0.0808760957126369,"Coach"
0.0811588490883429,"Coach"
0.0673888685616638,"Coach"
0.0610843217912671,"Coach"
0.0678478079476192,"Coach"
0.0638385443852975,"Coach"
0.0682369393855313,"Coach"
0.0732202190619926,"Coach"
0.0639583169347126,"Coach"
0.0635732287556613,"Coach"
0.0577611051784943,"Coach"
0.066606883279826,"Coach"
0.0650572960498547,"Coach"
0.0619472458406222,"Coach"
0.0693230490724745,"Coach"
0.0648558592407258,"Coach"
0.0627761553978577,"Coach"
0.0553975300102739,"Coach"
0.0703369016876983,"Coach"
0.0590386422294686,"Coach"
0.0695872559894232,"Coach"
0.0672244767523222,"Coach"
0.0573948459205674,"Coach"
0.056292271724777,"Coach"
0.0532831926078748,"Coach"
0.0759016653278044,"Coach"
0.0698305601367661,"Coach"
0.0831931528289957,"Coach"
0.084652699268482,"Coach"
0.0782895293488363,"Coach"
0.095286360286749,"DefTeam"
0.0872937748268523,"DefTeam"
0.0871102075989452,"DefTeam"
0.0882728028887855,"DefTeam"
0.088204414024335,"DefTeam"
0.0896572396032152,"DefTeam"
0.0899029013707376,"DefTeam"
0.0897584878437835,"DefTeam"
0.0929391259862109,"DefTeam"
0.0946855379959865,"DefTeam"
0.0968506378792526,"DefTeam"
0.0921110683081657,"DefTeam"
0.0912138213848908,"DefTeam"
0.101588381598094,"DefTeam"
0.0884715379627087,"DefTeam"
0.0889669168013677,"DefTeam"
0.0911628824047001,"DefTeam"
0.0933230625533735,"DefTeam"
0.0906751533696873,"DefTeam"
0.093923020042209,"DefTeam"
0.0862712053450492,"DefTeam"
0.0908301115903395,"DefTeam"
0.0917626577053322,"DefTeam"
0.0940205360579953,"DefTeam"
0.0844227793292728,"DefTeam"
0.0959515351209695,"DefTeam"
0.0930332260253443,"DefTeam"
0.088471090354822,"DefTeam"
0.0950684255413219,"DefTeam"
0.0982759974406952,"DefTeam"
0.082729010606082,"DefTeam"
0.0873189275457046,"DefTeam"
0.0966953876994022,"DefTeam"
0.0852645111177926,"DefTeam"
0.0880043714438876,"DefTeam"
0.0915105017512267,"DefTeam"
0.0911484238069482,"DefTeam"
0.0855785376640214,"DefTeam"
0.0886713327358422,"DefTeam"
0.0920153784591835,"DefTeam"
0.0999283948272942,"DefTeam"
0.0802201835024028,"DefTeam"
0.0892250098255245,"DefTeam"
0.0850984671598816,"DefTeam"
0.0926931959290723,"DefTeam"
0.0857943863906016,"DefTeam"
0.0914593858941769,"DefTeam"
0.086476943788123,"DefTeam"
0.0918283885238815,"DefTeam"
0.095240848541381,"DefTeam"
0.0957268119129162,"DefTeam"
0.0948242654184662,"DefTeam"
0.084950807740259,"DefTeam"
0.0879430415528351,"DefTeam"
0.0871424978887112,"DefTeam"
0.0872676335892147,"DefTeam"
0.0868984677031889,"DefTeam"
0.0978214273109666,"DefTeam"
0.092761064508069,"DefTeam"
0.0906126581686917,"DefTeam"
0.0875388649911493,"DefTeam"
0.0833196714554909,"DefTeam"
0.0943278200852249,"DefTeam"
0.0892552730858845,"DefTeam"
0.0855073952302223,"DefTeam"
0.0884482175684377,"DefTeam"
0.098314977860374,"DefTeam"
0.08334259325523,"DefTeam"
0.0939623691729701,"DefTeam"
0.0908018950431059,"DefTeam"
0.0868906714964779,"DefTeam"
0.0946847728065436,"DefTeam"
0.0970672959592454,"DefTeam"
0.0935006051541584,"DefTeam"
0.0947490760139082,"DefTeam"
0.0895302917135416,"DefTeam"
0.0948229155635778,"DefTeam"
0.092782049023924,"DefTeam"
0.0879847629701988,"DefTeam"
0.0917502469813262,"DefTeam"
0.088141378303478,"DefTeam"
0.0955661834921281,"DefTeam"
0.0904685985795555,"DefTeam"
0.0978801294512762,"DefTeam"
0.0856649093531826,"DefTeam"
0.0936549029097737,"DefTeam"
0.0942052947945524,"DefTeam"
0.0944677439781481,"DefTeam"
0.0840225888668375,"DefTeam"
0.094006475510852,"DefTeam"
0.0896498402955311,"DefTeam"
0.0811471679823094,"DefTeam"
0.0905565066692518,"DefTeam"
0.0924352590495269,"DefTeam"
0.0868738185529794,"DefTeam"
0.094779446940961,"DefTeam"
0.0891082545067431,"DefTeam"
0.0948941928871317,"DefTeam"
0.0860201501193532,"DefTeam"
0.0926565538602016,"DefTeam"
0.0910237459951048,"DefTeam"
0.0913545158009603,"DefTeam"
0.090968039306992,"DefTeam"
0.0882003949286682,"DefTeam"
0.0921277955460657,"DefTeam"
0.0934774244293999,"DefTeam"
0.0946686028399823,"DefTeam"
0.083593183019484,"DefTeam"
0.0956328461778271,"DefTeam"
0.0868554365157091,"DefTeam"
0.099408768685432,"DefTeam"
0.0814617256165517,"DefTeam"
0.0869466538645452,"DefTeam"
0.0922582809020013,"DefTeam"
0.0945259589851614,"DefTeam"
0.0925815238139369,"DefTeam"
0.0892656656369463,"DefTeam"
0.0867442238975676,"DefTeam"
0.0884408216598304,"DefTeam"
0.0881302775535199,"DefTeam"
0.0995387109547162,"DefTeam"
0.0874066252715801,"DefTeam"
0.0910383753677144,"DefTeam"
0.0952458990324873,"DefTeam"
0.0919108522047114,"DefTeam"
0.0915248578224604,"DefTeam"
0.091404379032681,"DefTeam"
0.088723796832987,"DefTeam"
0.0974058698998437,"DefTeam"
0.0828976050343798,"DefTeam"
0.0908554031315531,"DefTeam"
0.0862319703558779,"DefTeam"
0.0937175894366503,"DefTeam"
0.0951230077950545,"DefTeam"
0.0935578870984218,"DefTeam"
0.0912472624599432,"DefTeam"
0.104074363036191,"DefTeam"
0.0863227270391875,"DefTeam"
0.0872170272178958,"DefTeam"
0.096325473116799,"DefTeam"
0.0843944169159472,"DefTeam"
0.0932104194065549,"DefTeam"
0.0866244300206135,"DefTeam"
0.0938261418536954,"DefTeam"
0.0907277161937985,"DefTeam"
0.0876456892623075,"DefTeam"
0.0909534417908696,"DefTeam"
0.0929374363352252,"DefTeam"
0.10024637541912,"DefTeam"
0.0978821389664655,"DefTeam"
0.0893313912563025,"DefTeam"
0.0877885193371582,"DefTeam"
0.0862917934526921,"DefTeam"
0.0982579712198149,"DefTeam"
0.0923016389020819,"DefTeam"
0.0960981626114721,"DefTeam"
0.0917622802419673,"DefTeam"
0.102203504412451,"DefTeam"
0.0908303233383693,"DefTeam"
0.102741415155902,"DefTeam"
0.0876934961557886,"DefTeam"
0.0876098299895041,"DefTeam"
0.0869816626861241,"DefTeam"
0.0947255084312714,"DefTeam"
0.0883021726090797,"DefTeam"
0.093725605167183,"DefTeam"
0.0869569696167554,"DefTeam"
0.0881130876771494,"DefTeam"
0.0902219039752798,"DefTeam"
0.0878374947522954,"DefTeam"
0.0902589690171633,"DefTeam"
0.0920929382168602,"DefTeam"
0.0999100297678169,"DefTeam"
0.086771631689721,"DefTeam"
0.0904896206865648,"DefTeam"
0.0854017360597288,"DefTeam"
0.0889772661087007,"DefTeam"
0.08899891590606,"DefTeam"
0.0858391739724149,"DefTeam"
0.0927491589700018,"DefTeam"
0.0889999873680537,"DefTeam"
0.0879660810353637,"DefTeam"
0.0844510680909185,"DefTeam"
0.0971161347312736,"DefTeam"
0.0898389293923183,"DefTeam"
0.086832609331514,"DefTeam"
0.0897581204053804,"DefTeam"
0.0927118527616684,"DefTeam"
0.0943002614454444,"DefTeam"
0.0927914641570708,"DefTeam"
0.0853099129844211,"DefTeam"
0.0881989741849819,"DefTeam"
0.0907773087374624,"DefTeam"
0.0922555371407005,"DefTeam"
0.0853738788972542,"DefTeam"
0.0896847200948667,"DefTeam"
0.0903517007963871,"DefTeam"
0.0965333697002523,"DefTeam"
0.0882036733795444,"DefTeam"
0.0859722492393588,"DefTeam"
0.0893199643866918,"DefTeam"
0.0928293821198417,"DefTeam"
0.0909073708206655,"DefTeam"
0.0852375391731778,"DefTeam"
0.0831231775894825,"DefTeam"
0.0941645323590293,"DefTeam"
0.0921413586937603,"DefTeam"
0.0994992156513201,"DefTeam"
0.0936977781156183,"DefTeam"
0.10202840245766,"DefTeam"
0.0935417239583697,"DefTeam"
0.0893973690749034,"DefTeam"
0.0900032497440958,"DefTeam"
0.0918514019557578,"DefTeam"
0.0951155518324303,"DefTeam"
0.0969343187183438,"DefTeam"
0.0930874487557433,"DefTeam"
0.0884481009142612,"DefTeam"
0.0941396302945577,"DefTeam"
0.0893695313239505,"DefTeam"
0.0928358996889806,"DefTeam"
0.0922479355744943,"DefTeam"
0.0940027988666417,"DefTeam"
0.0956671921915186,"DefTeam"
0.0880863213788315,"DefTeam"
0.0898534991639771,"DefTeam"
0.091671068635296,"DefTeam"
0.0877215631014453,"DefTeam"
0.0919921982234548,"DefTeam"
0.0935015786138739,"DefTeam"
0.0846688157138724,"DefTeam"
0.0863508101736682,"DefTeam"
0.0875442127260898,"DefTeam"
0.0910865099772602,"DefTeam"
0.10455049733417,"DefTeam"
0.0915738355260266,"DefTeam"
0.085497049182437,"DefTeam"
0.0884270050080277,"DefTeam"
0.0926223582980522,"DefTeam"
0.0948543604262151,"DefTeam"
0.0976104362671579,"DefTeam"
0.0893823136523736,"DefTeam"
0.0938773453605039,"DefTeam"
0.0942407552498676,"DefTeam"
0.0885983517640923,"DefTeam"
0.0954045557962794,"DefTeam"
0.0932611488843737,"DefTeam"
0.0908382315742363,"DefTeam"
0.0888371489486154,"DefTeam"
0.0869747657558353,"DefTeam"
0.0877607904212796,"DefTeam"
0.0930875512444113,"DefTeam"
0.0933614656179371,"DefTeam"
0.0887766361854785,"DefTeam"
0.0916237567076633,"DefTeam"
0.0819625501910125,"DefTeam"
0.0858444790453076,"DefTeam"
0.0925810559454112,"DefTeam"
0.0907595011005296,"DefTeam"
0.0880817263220545,"DefTeam"
0.0895821710499853,"DefTeam"
0.0877018719222624,"DefTeam"
0.0863856108070793,"DefTeam"
0.090735879509389,"DefTeam"
0.0804921723535271,"DefTeam"
0.0887114484114406,"DefTeam"
0.0926535647901094,"DefTeam"
0.0888580167619411,"DefTeam"
0.0934948733741739,"DefTeam"
0.088239700329769,"DefTeam"
0.0960451096754278,"DefTeam"
0.0931216832029527,"DefTeam"
0.09083557666597,"DefTeam"
0.0890051634612412,"DefTeam"
0.101453624666413,"DefTeam"
0.0836730891474331,"DefTeam"
0.0860394895917349,"DefTeam"
0.0887531176439712,"DefTeam"
0.0903857169127254,"DefTeam"
0.0873334720824627,"DefTeam"
0.0946728091601533,"DefTeam"
0.0846089398324239,"DefTeam"
0.0922089761568915,"DefTeam"
0.0879241366468921,"DefTeam"
0.0969578648426995,"DefTeam"
0.0848869119587047,"DefTeam"
0.0909953924519454,"DefTeam"
0.101552886158269,"DefTeam"
0.0996188424512198,"DefTeam"
0.0914510766934684,"DefTeam"
0.0945366456856148,"DefTeam"
0.0899884389958351,"DefTeam"
0.0846311350914177,"DefTeam"
0.0938433279147699,"DefTeam"
0.0909374309390411,"DefTeam"
0.0919652856654131,"DefTeam"
0.0893931649149827,"DefTeam"
0.0867852072670229,"DefTeam"
0.0860007364904775,"DefTeam"
0.0880228017085629,"DefTeam"
0.0525870541888563,"DefCoach"
0.0479137440889739,"DefCoach"
0.0530836739326619,"DefCoach"
0.0440487060341196,"DefCoach"
0.0514569986387711,"DefCoach"
0.0532652951018032,"DefCoach"
0.049446101333543,"DefCoach"
0.0429635154506337,"DefCoach"
0.0484887485454148,"DefCoach"
0.049862930117981,"DefCoach"
0.0545926254795952,"DefCoach"
0.0565832303539002,"DefCoach"
0.0540024043938884,"DefCoach"
0.0459625983422978,"DefCoach"
0.0570026359734684,"DefCoach"
0.0436537196068833,"DefCoach"
0.0541709529394028,"DefCoach"
0.0557659671963097,"DefCoach"
0.0476950812474102,"DefCoach"
0.0483116902694381,"DefCoach"
0.0493730020909329,"DefCoach"
0.0487105716177323,"DefCoach"
0.050524020689538,"DefCoach"
0.053084866993797,"DefCoach"
0.0519751498590623,"DefCoach"
0.0498854072416503,"DefCoach"
0.0507883273661308,"DefCoach"
0.0497772151974403,"DefCoach"
0.0605340800028943,"DefCoach"
0.0454738314118468,"DefCoach"
0.0495131139776748,"DefCoach"
0.0360362168856661,"DefCoach"
0.0425161147099715,"DefCoach"
0.0503698305908252,"DefCoach"
0.0536469380927837,"DefCoach"
0.0687724534832506,"DefCoach"
0.0481332286662741,"DefCoach"
0.0510346118878214,"DefCoach"
0.0557722638216689,"DefCoach"
0.0421402856655786,"DefCoach"
0.0500085851718027,"DefCoach"
0.0545705639121198,"DefCoach"
0.0529545894506964,"DefCoach"
0.0523457360294938,"DefCoach"
0.0509321304559952,"DefCoach"
0.0517419243311736,"DefCoach"
0.0522499169927139,"DefCoach"
0.0492738604490966,"DefCoach"
0.05021941614849,"DefCoach"
0.0593661457360023,"DefCoach"
0.0578317240350177,"DefCoach"
0.0481994916012988,"DefCoach"
0.0519750511035429,"DefCoach"
0.0646898201933687,"DefCoach"
0.056733985160687,"DefCoach"
0.0543235357300689,"DefCoach"
0.0569305391796023,"DefCoach"
0.05186587709422,"DefCoach"
0.0467157225897026,"DefCoach"
0.0524742099390587,"DefCoach"
0.0437082400113497,"DefCoach"
0.0480842046074649,"DefCoach"
0.053221241641451,"DefCoach"
0.042427492993537,"DefCoach"
0.0547846722248079,"DefCoach"
0.0432479121072631,"DefCoach"
0.0546907666689032,"DefCoach"
0.0514838640926802,"DefCoach"
0.0546831706383949,"DefCoach"
0.0423977900862873,"DefCoach"
0.0546252898201797,"DefCoach"
0.0410044254808608,"DefCoach"
0.0509884830517606,"DefCoach"
0.0423214475688857,"DefCoach"
0.0505379816885998,"DefCoach"
0.057883839490883,"DefCoach"
0.0676543592168564,"DefCoach"
0.0590331651754765,"DefCoach"
0.0459196699823504,"DefCoach"
0.0453103403476565,"DefCoach"
0.048705890518045,"DefCoach"
0.0598759899082518,"DefCoach"
0.054791363215615,"DefCoach"
0.0510738870802597,"DefCoach"
0.055081742264593,"DefCoach"
0.0533126894189174,"DefCoach"
0.0510175327972629,"DefCoach"
0.0386335831364635,"DefCoach"
0.0517561365954647,"DefCoach"
0.0409319458598478,"DefCoach"
0.0467308887080468,"DefCoach"
0.0532548707762673,"DefCoach"
0.0419463708515039,"DefCoach"
0.0571774494836544,"DefCoach"
0.0487297381777141,"DefCoach"
0.0516929535311565,"DefCoach"
0.0517930874141978,"DefCoach"
0.0444105299595734,"DefCoach"
0.0481916408018941,"DefCoach"
0.0530264957191408,"DefCoach"
0.0493325758969247,"DefCoach"
0.0652382351915003,"DefCoach"
0.0585562514327327,"DefCoach"
0.0477389318128003,"DefCoach"
0.0497197546895691,"DefCoach"
0.0593379169691208,"DefCoach"
0.0424854748647895,"DefCoach"
0.0532561990822485,"DefCoach"
0.0473477742182338,"DefCoach"
0.0543915513262829,"DefCoach"
0.0623212633708177,"DefCoach"
0.0455276038276638,"DefCoach"
0.05223110604048,"DefCoach"
0.0559456407462972,"DefCoach"
0.0515864737674055,"DefCoach"
0.0488100071382698,"DefCoach"
0.0550862814277452,"DefCoach"
0.0618777910701508,"DefCoach"
0.0520938398105359,"DefCoach"
0.052055624987603,"DefCoach"
0.0452235124954673,"DefCoach"
0.0623139716892157,"DefCoach"
0.0518218292390615,"DefCoach"
0.0469221267840125,"DefCoach"
0.0414897472107057,"DefCoach"
0.0350158058434688,"DefCoach"
0.039753513365321,"DefCoach"
0.0525881086700832,"DefCoach"
0.0503148595804602,"DefCoach"
0.0481481963042183,"DefCoach"
0.0457904579094045,"DefCoach"
0.0568344003068221,"DefCoach"
0.0550220376562667,"DefCoach"
0.0527721366736178,"DefCoach"
0.0460581123256581,"DefCoach"
0.0580550532834397,"DefCoach"
0.0336242684740768,"DefCoach"
0.0492901278200927,"DefCoach"
0.056609560949456,"DefCoach"
0.0482631662993338,"DefCoach"
0.0542166014827627,"DefCoach"
0.0606098534684426,"DefCoach"
0.0498051864449103,"DefCoach"
0.0484467368981053,"DefCoach"
0.0427572695882653,"DefCoach"
0.0412619634354978,"DefCoach"
0.044630353203523,"DefCoach"
0.0610688494587287,"DefCoach"
0.0492862574428255,"DefCoach"
0.0473586927760356,"DefCoach"
0.0564765407903311,"DefCoach"
0.0416390799235143,"DefCoach"
0.0553725825709091,"DefCoach"
0.048584816125535,"DefCoach"
0.0503303900401094,"DefCoach"
0.0449043995872807,"DefCoach"
0.0547895077416715,"DefCoach"
0.0636220084706199,"DefCoach"
0.0496885939485138,"DefCoach"
0.0568726215772171,"DefCoach"
0.0553544695005782,"DefCoach"
0.057607126439272,"DefCoach"
0.0534610990652614,"DefCoach"
0.0521462076518337,"DefCoach"
0.050568980230315,"DefCoach"
0.0460186515472647,"DefCoach"
0.0455060707468958,"DefCoach"
0.0463954290567003,"DefCoach"
0.032507221438493,"DefCoach"
0.0453159848217519,"DefCoach"
0.0433034046486779,"DefCoach"
0.0461389604588059,"DefCoach"
0.0479177581456481,"DefCoach"
0.0493394654050232,"DefCoach"
0.0534442462066521,"DefCoach"
0.0558566921837302,"DefCoach"
0.0544924328219438,"DefCoach"
0.0416890135351472,"DefCoach"
0.0518196189674951,"DefCoach"
0.0470474076973085,"DefCoach"
0.0535959151328394,"DefCoach"
0.0480212392299238,"DefCoach"
0.0499742718303732,"DefCoach"
0.042879842008217,"DefCoach"
0.0476821250539498,"DefCoach"
0.0522559064862426,"DefCoach"
0.0496952157136907,"DefCoach"
0.0459768794120845,"DefCoach"
0.04955483390422,"DefCoach"
0.0565927883116082,"DefCoach"
0.0599039479751265,"DefCoach"
0.0568035898991567,"DefCoach"
0.0528041732939996,"DefCoach"
0.068974407845298,"DefCoach"
0.0468095088289504,"DefCoach"
0.0568302230211204,"DefCoach"
0.058928689804821,"DefCoach"
0.0540665583932357,"DefCoach"
0.051989346665108,"DefCoach"
0.04207853464439,"DefCoach"
0.0640506721510838,"DefCoach"
0.0486440148999411,"DefCoach"
0.0554405058874754,"DefCoach"
0.0522859237313752,"DefCoach"
0.0539051886742922,"DefCoach"
0.0516298156611354,"DefCoach"
0.049876208848689,"DefCoach"
0.0597227850110864,"DefCoach"
0.05057276186031,"DefCoach"
0.0470019270093582,"DefCoach"
0.048826753295437,"DefCoach"
0.0505695919543011,"DefCoach"
0.055577050926314,"DefCoach"
0.0494456762393288,"DefCoach"
0.0494364426967548,"DefCoach"
0.0502961214345107,"DefCoach"
0.0515323086130617,"DefCoach"
0.0561886264589475,"DefCoach"
0.0475656634273111,"DefCoach"
0.048871918947029,"DefCoach"
0.04035110889416,"DefCoach"
0.0627502705083184,"DefCoach"
0.0601026462837287,"DefCoach"
0.0491838821304119,"DefCoach"
0.0544781422456645,"DefCoach"
0.0514662286464733,"DefCoach"
0.0506302852861158,"DefCoach"
0.0456683498547833,"DefCoach"
0.0423249083348924,"DefCoach"
0.0520160215297954,"DefCoach"
0.0465647427143475,"DefCoach"
0.0416875965898958,"DefCoach"
0.0462537944011276,"DefCoach"
0.0481016392827934,"DefCoach"
0.0513604050880772,"DefCoach"
0.0483671751815111,"DefCoach"
0.0489802788503001,"DefCoach"
0.0554634574113146,"DefCoach"
0.0577405175798797,"DefCoach"
0.0545306219601298,"DefCoach"
0.0537211811884731,"DefCoach"
0.0532569932232997,"DefCoach"
0.0483378816715478,"DefCoach"
0.0617693664004738,"DefCoach"
0.0531232914414645,"DefCoach"
0.0587911116623004,"DefCoach"
0.0429580460089546,"DefCoach"
0.0447340016828317,"DefCoach"
0.0550269763430665,"DefCoach"
0.0625515027912052,"DefCoach"
0.0483761939436121,"DefCoach"
0.0487949880383228,"DefCoach"
0.0424246897233124,"DefCoach"
0.0445825862208934,"DefCoach"
0.0639030431106583,"DefCoach"
0.0574092048024402,"DefCoach"
0.0480031168501825,"DefCoach"
0.0491456097017508,"DefCoach"
0.0467607615995429,"DefCoach"
0.0586806582460948,"DefCoach"
0.0453775608092441,"DefCoach"
0.0631371326448338,"DefCoach"
0.0442005932968782,"DefCoach"
0.051261076697412,"DefCoach"
0.0446113007389511,"DefCoach"
0.0585945731728542,"DefCoach"
0.0460834997268754,"DefCoach"
0.0575139591711446,"DefCoach"
0.0513951213141201,"DefCoach"
0.0471455750097572,"DefCoach"
0.0505686614458981,"DefCoach"
0.0456651815349615,"DefCoach"
0.0408673683413848,"DefCoach"
0.0615696547067025,"DefCoach"
0.0527612908302108,"DefCoach"
0.0531027847235989,"DefCoach"
0.055400607339347,"DefCoach"
0.0608816039919019,"DefCoach"
0.0543815198759979,"DefCoach"
0.0563261175524955,"DefCoach"
0.0460676987292302,"DefCoach"
0.0433909269157606,"DefCoach"
0.0496284375295342,"DefCoach"
0.0435920044966225,"DefCoach"
0.0591981498146755,"DefCoach"
0.0490792121187793,"DefCoach"
0.0490355822884269,"DefCoach"
0.0608625487535014,"DefCoach"
0.0538425812768906,"DefCoach"
0.0505638959447972,"DefCoach"
0.0473765992938542,"DefCoach"
0.05098405050661,"DefCoach"
0.0446871961605717,"DefCoach"
0.0534471639681436,"DefCoach"
0.0485416200510821,"DefCoach"
0.0471258694529667,"DefCoach"
0.0526900518190669,"DefCoach"
0.0604485475709471,"DefCoach"
0.0448398254875546,"DefCoach"
0.0617875275319092,"DefCoach"
